index,mean,std
PriorDefault_t,0.5231884057971015,0.4998243312700255
YearsEmployed,2.040920289855071,2.6339023184706787
CreditScore,2.1565217391304348,3.5642751788161693
Income,459.2280613316508,476.39471000024975
